featureID	tax
ATTGAACGCTGGCGGCAGGCCTAACACATGCAAGTCGAGCGGTAGAGAGAAGCTTGCTTCTCTTGAGAGCGGCGGACGGGTGAGTAATGCCTAGGAATCTGCCTGGTAGTGGGGGATAACGTTCGGAAACGGACGCTAATACCGCATACGTCCTACGGGAGAAAGCAGGGGACCTTCGGGCCTTGCGCTATCAGATGAGCCTAGGTCGGATTAGCTAGTTGGTGAGGTAATGGCTCACCAAGGCGACGATCCGTAACTGGTCTGAGAGGATGATCAGTCACACTGGAACTGAGACACGGTCCAG	D_0__Bacteria; D_1__Proteobacteria; D_2__Gammaproteobacteria; D_3__Pseudomonadales; D_4__Pseudomonadaceae; D_5__Pseudomonas
ATTGAACGCTGGCGGCAGGCCTAACACATGCAAGTCGAACGGTAACAGGAAGCAGCTTGCTGCTTTGCTGACGAGTGGCGGACGGGTGAGTAATGTCTGGGAAACTGCCTGATGGAGGGGGATAACTACTGGAAACGGTGGCTAATACCGCATAACGTCGCAAGACCAAAGAGGGGGACCTTCGGGCCTCTTGCCATCAGATGTGCCCAGATGGGATTAGCTTGTTGGTGAGGTAACGGCTCACCAAGGCGACGATCCCTAGCTGGTCTGAGAGGATGACCAGCCACACTGGAACTGAGACACGGTCCAG	D_0__Bacteria; D_1__Proteobacteria; D_2__Gammaproteobacteria; D_3__Enterobacteriales; D_4__Enterobacteriaceae; D_5__Salmonella
GACGAACGCTGGCGGCGTGCCTAATACATGCAAGTCGAGCGGACAGATGGGAGCTTGCTCCCTGATGTTAGCGGCGGACGGGTGAGTAACACGTGGGTAACCTGCCTGTAAGACTGGGATAACTCCGGGAAACCGGGGCTAATACCGGATGCTTGTTTGAACCGCATGGTTCAAACATAAAAGGTGGCTTCGGCTACCACTTACAGATGGACCCGCGGCGCATTAGCTAGTTGGTGAGGTAATGGCTCACCAAGGCAACGATGCGTAGCCGACCTGAGAGGGTGATCGGCCACACTGGGACTGAGACACGGCCCAG	D_0__Bacteria; D_1__Firmicutes; D_2__Bacilli; D_3__Bacillales; D_4__Bacillaceae; D_5__Bacillus
ATTGAACGCTGGCGGCAGGCCTAACACATGCAAGTCGAGCGGATGAAGGGAGCTTGCTCCTGGATTCAGCGGCGGACGGGTGAGTAATGCCTAGGAATCTGCCTGGTAGTGGGGGATAACGTCCGGAAACGGGCGCTAATACCGCATACGTCCTGAGGGAGAAAGTGGGGGATCTTCGGACCTCACGCTATCAGATGAGCCTAGGTCGGATTAGCTAGTTGGTGGGGTAAAGGCCTACCAAGGCGACGATCCGTAACTGGTCTGAGAGGATGATCAGTCACACTGGAACTGAGACACGGTCCAG	D_0__Bacteria; D_1__Proteobacteria; D_2__Gammaproteobacteria; D_3__Pseudomonadales; D_4__Pseudomonadaceae; D_5__Pseudomonas
ATTGAACGCTGGTGGCAGGCCTAACACATGCAAGTCGAGCGGTAGAGAGAAGCTTGCTTCTCTTGAGAGCGGCGGACGGGTGAGTAATGCCTAGGAATCTGCCTGGTAGTGGGGGATAACGTTCGGAAACGGACGCTAATACCGCATACGTCCTACGGGAGAAAGCAGGGGACCTTCGGGCCTTGCGCTATCAGATGAGCCTAGGTCGGATTAGCTAGTTGGTGAGGTAATGGCTCACCAAGGCGACGATCCGTAACTGGTCTGAGAGGATGATCAGTCACACTGGAACTGAGACACGGTCCAG	D_0__Bacteria; D_1__Proteobacteria; D_2__Gammaproteobacteria; D_3__Pseudomonadales; D_4__Pseudomonadaceae; D_5__Pseudomonas
ATTGAACGCTGGCGGCAGGCCTAACACATGCAAGTCGAACGGTAACAGGAAGAAGCTTGCTTCTTTGCTGACGAGTGGCGGACGGGTGAGTAATGTCTGGGAAACTGCCTGATGGAGAGGGATAACTACTGGAAACGGTAGCTAATACCGCATAACGTCGCAAGACCAAAGAGGGGGACCTTCGGGCCTCTTGCCATCGGATGTGCCCAGATGGGATTAGCTAGTAGGTGGGGTAACGGCTCACCTAGGCGACGATCCCTAGCTGGTCTGAGAGGATGACCAGCCACACTGGAACTGAGACACGGTCCAG	D_0__Bacteria; D_1__Proteobacteria; D_2__Gammaproteobacteria; D_3__Enterobacteriales; D_4__Enterobacteriaceae; D_5__Escherichia-Shigella
GATGAACGCTGGCGGTGTGCCTAATACATGCAAGTCGAACGCGTTGGCCCAATTGATTGATGGTGCTTGCACCTGATTGATTTTGGTCGCCAACGAGTGGCGGACGGGTGAGTAACACGTAGGTAACCTGCCCAGAAGCGGGGGACAACATTTGGAAACAGATGCTAATACCGCATAACAACGTTGTTCGCATGAACAACGCTTAAAAGATGGCTTCTCGCTATCACTTCTGGATGGACCTGCGGTGCATTAGCTTGTTGGTAGGGTAATGGCCTACCAAGGCGATGATGCATAGCCGAGTTGAGAGACTGATCGGCCACAATGGGACTGAGACACGGCCCAT	D_0__Bacteria; D_1__Firmicutes; D_2__Bacilli; D_3__Lactobacillales; D_4__Lactobacillaceae; D_5__Lactobacillus; D_6__Lactobacillus fermentum
GATGAACGCTGGCGGCGTGCCTAATACATGCAAGTCGAGCGAACGGACGAGAAGCTTGCTTCTCTGATGTTAGCGGCGGACGGGTGAGTAACACGTGGATAACCTACCTATAAGACTGGGATAACTTCGGGAAACCGGAGCTAATACCGGATAATATTTTGAACCGCATGGTTCAAAAGTGAAAGACGGTCTTGCTGTCACTTATAGATGGATCCGCGCTGCATTAGCTAGTTGGTAAGGTAACGGCTTACCAAGGCAACGATGCATAGCCGACCTGAGAGGGTGATCGGCCACACTGGAACTGAGACACGGTCCAG	D_0__Bacteria; D_1__Firmicutes; D_2__Bacilli; D_3__Bacillales; D_4__Staphylococcaceae; D_5__Staphylococcus; D_6__Staphylococcus aureus
ATTGAACGCTGGCGGCAGGCCTAACACATGCAAGTCGAACGGTAACAGGAAGCAGCTTGCTGCTTCGCTGACGAGTGGCGGACGGGTGAGTAATGTCTGGGAAACTGCCTGATGGAGGGGGATAACTACTGGAAACGGTGGCTAATACCGCATAACGTCGCAAGACCAAAGAGGGGGACCTTCGGGCCTCTTGCCATCAGATGTGCCCAGATGGGATTAGCTTGTTGGTGAGGTAACGGCTCACCAAGGCGACGATCCCTAGCTGGTCTGAGAGGATGACCAGCCACACTGGAACTGAGACACGGTCCAG	D_0__Bacteria; D_1__Proteobacteria; D_2__Gammaproteobacteria; D_3__Enterobacteriales; D_4__Enterobacteriaceae; D_5__Salmonella
GATGAACGCTGGCGGCGTGCCTAATACATGCAAGTCGAGCGAACGGACGAGAAGCTTGCTTCTCTGATGTTAGCGGCGGACGGGTGAGTAACACGTGGATAACCTACCTATAAGACTGGGATAACTTCGGGAAACCGGAGCTAATACCGGATGATATTTTGAACCGCATGGTTCAAAAGTGAAAGACGGTCTTGCTGTCACTTATAGATGGATCCGCGCTGCATTAGCTAGTTGGTAAGGTAACGGCTTACCAAGGCAACGATGCATAGCCGACCTGAGAGGGTGATCGGCCACACTGGAACTGAGACACGGTCCAG	D_0__Bacteria; D_1__Firmicutes; D_2__Bacilli; D_3__Bacillales; D_4__Staphylococcaceae; D_5__Staphylococcus; D_6__Staphylococcus aureus
GACGAACGCTGGCGGCGTGCCTAATACATGCAAGTCGAACGAACGGAGGAAGAGCTTGCTCTTCCAAAGTTAGTGGCGGACGGGTGAGTAACACGTGGGCAACCTGCCTGTAAGTTGGGGATAACTCCGGGAAACCGGGGCTAATACCGAATGATAAAGTGTGGCGCATGCCACGCTTTTGAAAGATGGTTTCGGCTATCGCTTACAGATGGGCCCGCGGTGCATTAGCTAGTTGGTAGGGTAATGGCCTACCAAGGCAACGATGCATAGCCGACCTGAGAGGGTGATCGGCCACACTGGGACTGAGACACGGCCCAG	D_0__Bacteria; D_1__Firmicutes; D_2__Bacilli; D_3__Bacillales; D_4__Listeriaceae; D_5__Listeria; D_6__Listeria monocytogenes
GACGAACGCTGGCGGCGTGCTTAACACATGCAAGTCGAACGGAAAGGCCCTGCTTTTGTGGGGTGCTCGAGTGGCGAACGGGTGAGTAACACGTGAGTAACCTGCCCTTGACTTTGGGATAACTTCAGGAAACTGGGGCTAATACCGGATAGGAGCTCCTGCTGCATGGTGGGGGTTGGAAAGTTTCGGCGGTTGGGGATGGACTCGCGGCTTATCAGCTTGTTGGTGGGGTAGTGGCTTACCAAGGCTTTGACGGGTAGCCGGCCTGAGAGGGTGACCGGCCACATTGGGACTGAGATACGGCCCAG	D_0__Bacteria; D_1__Actinobacteria; D_2__Actinobacteria; D_3__Propionibacteriales; D_4__Propionibacteriaceae; D_5__Cutibacterium
ATTGAACGCTGGCGGCAGGCCTAACACATGCAAGTCGAGCGGTAGAGAGAAGCTTGCTTCTCTTGAGAGCGGCGGACGGGTGAGTAATGCCTAGGAATCTGCCTGGTAGTGGGGGATAACGTTCGGAAACGGACGCTAATACCGCATACGTCCTACGGGAGAAAGCAGGGGACCTTCGGGCCTTGTGCTATCAGATGAGCCTAGGTCGGATTAGCTAGTTGGTGAGGTAATGGCTCACCAAGGCGACGATCCGTAACTGGTCTGAGAGGATGATCAGTCACACTGGAACTGAGACACGGTCCAG	D_0__Bacteria; D_1__Proteobacteria; D_2__Gammaproteobacteria; D_3__Pseudomonadales; D_4__Pseudomonadaceae; D_5__Pseudomonas
GACGAACGCTGGCGGCGTGCTTAACACATGCAAGTCGAACGATGATGCCCAGCTTGCTGGGTTGATTAGTGGCGAACGGGTGAGTAACACGTGAGTAACCTGCCCCTGACTCTGGGATAAGCGTTGGAAACGACGTCTAATACTGGATATGATCACTGGTCGCATGGCCTGGTGGTGGAAAGATTTTTTGGTTGGGGATGGACTCGCGGCCTATCAGCTTGTTGGTGAGGTAATGGCTCACCAAGGCGACGACGGGTAGCCGGCCTGAGAGGGTGACCGGCCACACTGGGACTGAGACACGGCCCAG	D_0__Bacteria; D_1__Actinobacteria; D_2__Actinobacteria; D_3__Micrococcales; D_4__Microbacteriaceae; D_5__Curtobacterium; Ambiguous_taxa
GACGAACGCTGGCGGCGTGCCTAATACATGCAAGTCGAACGAACGGAGGAAGAGCTTGCTCTTCCAAAGTTAGTGGCGGACGGGTGAGTAACACGTGGGCAACCTGCCTGTAAGTTGGGGATAACTCCGGGAAACCGGGGCTAATACCGAATGATAAAGTTTGGCGCATGCCACGCTTTTGAAAGATGGTTTCGGCTATCGCTTACAGATGGGCCCGCGGTGCATTAGCTAGTTGGTAGGGTAATGGCCTACCAAGGCAACGATGCATAGCCGACCTGAGAGGGTGATCGGCCACACTGGGACTGAGACACGGCCCAG	D_0__Bacteria; D_1__Firmicutes; D_2__Bacilli; D_3__Bacillales; D_4__Listeriaceae; D_5__Listeria; D_6__Listeria monocytogenes
GACGAACGCTGGCGGCGTGCTTAACACATGCAAGTCGAGCGAGGCCCATCTTCGGGTGGTGCCCTAGCGGCGAACGGGTGAGTAACACGTGGGCAACCTGCCCTCAGCTCTGGGATAACTCCAAGAAATTGGTGCTAATACCGGATGTGACCGCTGACCGCATGGTCTGGTGGTGGAAAGATTCATCGGCTGAGGATGGGCCCGCGGCCTATCAGCTTGTTGGTGGGGTAATGGCCCACCAAGGCGACGACGGGTAGCCGGCCTGAGAGGGTGACCGGCCACACTGGGACTGAGACACGGCCCAG	D_0__Bacteria; D_1__Actinobacteria; D_2__Actinobacteria; D_3__Frankiales; D_4__Geodermatophilaceae; D_5__Modestobacter; Ambiguous_taxa
ATTGAACGCTGGCGGCAGGCCTAACACATGCAAGTCGAGCGGTAGAGAGAAGCTTGCTTCTCTTGAGAGCGGCGGACGGGTGAGTAATGCCTAGGAATCTGCCTGGTAGTGGGGGATAACGTTCGGAAACGGACGCTAATACCACATACGTCCTACGGGAGAAAGCAGGGGACCTTCGGGCCTTGCGCTATCAGATGAGCCTAGGTCGGATTAGCTAGTTGGTGAGGTAATGGCTCACCAAGGCGACGATCCGTAACTGGTCTGAGAGGATGATCAGTCACACTGGAACTGAGACACGGTCCAG	D_0__Bacteria; D_1__Proteobacteria; D_2__Gammaproteobacteria; D_3__Pseudomonadales; D_4__Pseudomonadaceae; D_5__Pseudomonas
GATGAACGCTAGCGGCAGGCCTAATACATGCAAGTCGAACGGTCAGTAGCAATACTGATAGTGGCGCACGGGTGCGTAACACGTAACTAACCTACCTACAACTGGGGGATAGCCCGCCGAAAGGCGGATTAATACCGCATAAGCTACTTGGGTGGCATCACCTGGGTAGTAAAGATTTATTGGTTGTAGATGGGGTTGCGGGTCATTAGCTAGTTGGTTGGGTAATGGCTGACCAAGGCGACGATGACTAGGGGAGCTGAGAGGCTGGTCCCCCACACGGGCACTGAGATACGGGCCCG	D_0__Bacteria; D_1__Bacteroidetes; D_2__Bacteroidia; D_3__Cytophagales; D_4__Hymenobacteraceae; D_5__Hymenobacter; D_6__uncultured bacterium
AGCGAACGCTGGCGGCAGGCCTAACACATGCAAGTCGAACGAACCTTTCGGGGTTAGTGGCGGACGGGTGAGTAACACGTGGGAACGTGCCTTTAGGTTCGGAATAACTCAGGGAAACTTGTGCTAATACCGAATGTGCCCTTCGGGGGAAAGATTTATCGCCTTTAGAGCGGCCCGCGTCTGATTAGCTAGTTGGTTGAGGTAATGGCTCACCAAGGCGACGATCAGTAGCTGGTCTGAGAGGATGATCAGCCACATTGGGACTGAGACACGGCCCAA	D_0__Bacteria; D_1__Proteobacteria; D_2__Alphaproteobacteria; D_3__Caulobacterales; D_4__Caulobacteraceae; D_5__Brevundimonas; Ambiguous_taxa
AGCGAACGCTGGCGGCAGGCCTAACACATGCAAGTCGAACGAACCTTTCGGGGTTAGTGGCGGACGGGTGAGTAACACGTGGGAACGTGCCTTTAGGTTCGGAATAACTCAGGGAAACTTGTGCTAATACCGAATGTGCCCTTCGGGGGAAAGATTTATCGCCTTTAGAGCGGCCCGCGTCTGATTAGCTAGTTGGTGAGGTAAAGGCTCACCAAGGCGACGATCAGTAGCTGGTCTGAGAGGATGATCAGCCACATTGGGACTGAGACACGGCCCAA	D_0__Bacteria; D_1__Proteobacteria; D_2__Alphaproteobacteria; D_3__Caulobacterales; D_4__Caulobacteraceae; D_5__Brevundimonas; Ambiguous_taxa
GATGAACGCTAGCGGCAGGCCTAATACATGCAAGTCGAACGGTGGTAGCAATACCATAGTGGCGCACGGGTGCGTAACACGTAACTAACCTACCTACAACTGGGGGATAGCCCGCCGAAAGGCGGATTAATACCGCATAAGGCATGCGCCCGGCATCGGGTGTTTGTTAAAGATTTATTGGTTGTAGATGGGGTTGCGGGTCATTAGCTAGTTGGTTGGGTAATGGCTGACCAAGGCGACGATGACTAGGGGAGCTGAGAGGCTGGTCCCCCACACGGGCACTGAGATACGGGCCCG	D_0__Bacteria; D_1__Bacteroidetes; D_2__Bacteroidia; D_3__Cytophagales; D_4__Hymenobacteraceae; D_5__Hymenobacter; D_6__uncultured bacterium
GATGAACGCTAGCGGCAGGCCTAATACATGCAAGTCGAACGGTGGTAGCAATACCATAGTGGCGCACGGGTGCGTAACACGTAACTAACCTACCTACAACTGGGGGATAGCCCGCCGAAAGGCGGATTAATACCGCATAAGGCATGCGCCCGGCATCGGGTGTTTGTTAAAGATTTATTGGTTGTAGATGGGGTTGCGGGTCATTAGCTAGTTGGTTGGGTAACGGCTGACCAAGGCGACGATGACTAGGGGAGCTGAGAGGCTGGTCCCCCACACGGGCACTGAGATACGGGCCCG	D_0__Bacteria; D_1__Bacteroidetes; D_2__Bacteroidia; D_3__Cytophagales; D_4__Hymenobacteraceae; D_5__Hymenobacter; D_6__uncultured bacterium
GATGAACGCTGGCGGCGTGCTTAACACATGCAAGTCGAACGATGAAGCCCAGCTTGCTGGGTGGATTAGTGGCGAACGGGTGAGTAACACGTGAGTAACCTGCCCTTAACTCTGGGATAAGCCTGGGAAACTAGGTCTAATACCGGATAGGAGCGCCTACCGCATGGTGGGTGTTGGAAAGATTTATCGGTTTTGGATGGACTCGCGGCCTATCAGCTTGTTGGTGAGGTAATGGCTCACCAAGGCGACGACGGGTAGCCGGCCTGAGAGGGTGACCGGCCACACTGGGACTGAGACACGGCCCAG	D_0__Bacteria; D_1__Actinobacteria; D_2__Actinobacteria; D_3__Micrococcales; D_4__Micrococcaceae; D_5__Micrococcus; Ambiguous_taxa
GATGAACGCTAGCGGCAGGCCTAATACATGCAAGTCGAACGGTGGTAGCAATACCATAGTGGCGCACGGGTGCGTAACACGTAACTAACCTACCTACAACTGGGGGATAGCCCGCCGAAAGGCGGATTAATACCGCATAAGCTACTTGGGTGGCATCACCTGGATAGTAAAGATTTATTGGTTGTAGATGGGGTTGCGGGTCATTAGCTAGTTGGTTGGGTAATGGCTGACCAAGGCGACGATGACTAGGGGAGCTGAGAGGCTGGTCCCCCACACGGGCACTGAGATACGGGCCCG	D_0__Bacteria; D_1__Bacteroidetes; D_2__Bacteroidia; D_3__Cytophagales; D_4__Hymenobacteraceae; D_5__Hymenobacter; D_6__uncultured bacterium
AACGAACGCTGGCGGCATGCCTAACACATGCAAGTCGAACGATGCTTTCGGGCATAGTGGCGCACGGGTGCGTAACGCGTGGGAATCTGCCCTTGGGTTCGGAATAACAGTTGGAAACGACTGCTAATACCGGATGATGTCGATAAGACCAAAGATTTATCGCCTGAGGATGAGCCCGCGTTGGATTAGCTAGTTGGTGGGGTAAAGGCCTACCAAGGCGACGATCCATAGCTGGTCTGAGAGGATGATCAGCCACACTGGGACTGAGACACGGCCCAG	D_0__Bacteria; D_1__Proteobacteria; D_2__Alphaproteobacteria; D_3__Sphingomonadales; D_4__Sphingomonadaceae; D_5__Sphingomonas; Ambiguous_taxa
AACGAACGCTGGCGGCATGCCTAACACATGCAAGTCGAACGAGACTCTTCGGGGTCTAGTGGCGCACGGGTGCGTAACGCGTGGGAATCTGCCCTTGGGTTCGGAATAACAGTTGGAAACGACTGCTAATACCGGATGATGTCGATAAGACCAAAGATTTATCGCCTGAGGATGAGCCCGCGTAAGATTAGGTAGTTGGTGGGGTAAAGGCCTACCAAGCCGACGATCTTTAGCTGGTCTGAGAGGATGATCAGCCACACTGGGACTGAGACACGGCCCAG	D_0__Bacteria; D_1__Proteobacteria; D_2__Alphaproteobacteria; D_3__Sphingomonadales; D_4__Sphingomonadaceae; D_5__Sphingomonas; Ambiguous_taxa
CTTTCCCTCTGGCGGCAGGCCTAACACATGCAAGTCGAGCGGTAGAGAGAAGCTTGCTTCTCTTGAGAGCGGCGGACGGGTGAGTAATGCCTAGGAATCTGCCTGGTAGTGGGGGATAACGTTCGGAAACGGACGCTAATACCGCATACGTCCTACGGGAGAAAGCAGGGGACCTTCGGGCCTTGCGCTATCAGATGAGCCTAGGTCGGATTAGCTAGTTGGTGAGGTAATGGCTCACCAAGGCGACGATCCGTAACTGGTCTGAGAGGATGATCAGTCACACTGGAACTGAGACACGGTCCAG	D_0__Bacteria; D_1__Proteobacteria; D_2__Gammaproteobacteria; D_3__Pseudomonadales; D_4__Pseudomonadaceae; D_5__Pseudomonas
ATTGAACGAGGGAGGAAGGAATAAAAAATGCAAGTAGAGCGGTAGAGAGAAGCTTGCTTCTCTTGAGAGCGGCGGACGGGTGAGTAATGCCTAGGAATCTGCCTGGTAGTGGGGGATAACGTTCGGAAACGGACGCTAATACCGCATACGTCCTACGGGAGAAAGCAGGGGACCTTCGGGCCTTGCGCTATCAGATGAGCCTAGGTCGGATTAGCTAGTTGGTGAGGTAATGGCTCACCAAGGCGACGATCCGTAACTGGTCTGAGAGGATGATCAGTCACACTGGAACTGAGACACGGTCCAG	D_0__Bacteria; D_1__Proteobacteria; D_2__Gammaproteobacteria; D_3__Pseudomonadales; D_4__Pseudomonadaceae; D_5__Pseudomonas
AACGAACGCTGGCGGCAGGCTTAACACATGCAAGTCGAACGCCCCGCAAGGGGAGTGGCAGACGGGTGAGTAACGCGTGGGAATCTACCTAGAACTACGGAACAACTGATGGAAACGTCAGCTAATACCGTATACGCCCTACGGGGGAAAGATTTATCGGTTTTAGATGAGCCCGCGTAAGATTAGCTAGTTGGTGAGGTAATGGCTCACCAAGGCGACGATCTTTAGCTGGTCTGAGAGGATGATCAGCCACACTGGGACTGAGACACGGCCCAG	D_0__Bacteria; D_1__Proteobacteria; D_2__Alphaproteobacteria; D_3__Rhizobiales; D_4__Devosiaceae; D_5__Devosia
AATGAACGCTGGCGGCATGCCTAACACATGCAAGTCGAACGAAGGCTTCGGCCTTAGTGGCGCACGGGTGCGTAACGCGTGGGAATCTGCCCCTTGGTTCGGAATAACAGTTGGAAACGACTGCTAATACCGGATGACGACGTAAGTCCAAAGATTTATCGCCGAGGGATGAGCCCGCGTAGGATTAGGTAGTTGGTGTGGTAAAGGCGCACCAAGCCGACGATCCTTAGCTGGTCTGAGAGGATGATCAGCCACACTGGGACTGAGACACGGCCCAG	D_0__Bacteria; D_1__Proteobacteria; D_2__Alphaproteobacteria; D_3__Sphingomonadales; D_4__Sphingomonadaceae; D_5__Sphingomonas; D_6__Sphingomonas aurantiaca
GATGAACGCTAGCGGCAGGCCTAATACATGCAAGTCGAACGGGTGTAGCAATACACTAGTGGCGCACGGGTGCGTAACGCGTAACCAACCTGCCCTTGACTGGGGGATAGCCCGCCGAAAGGCGGATTAATACCGCATACCTCACTTTTCTGGCATCAGGGGAGTGGGAAAGATTTATTGGTCAAGGATGGGGTTGCGTAGCATTAGCTAGATGGCGGGGTAACGGCCCACCATGGCGACGATGCTTAGGGGACCTGAGAGGGTGATCCCCCACACTGGCACTGAGATACGGGCCAG	D_0__Bacteria; D_1__Bacteroidetes; D_2__Bacteroidia; D_3__Cytophagales; D_4__Hymenobacteraceae; D_5__Hymenobacter; D_6__uncultured Hymenobacter sp.
AGCGAACGCTGGTGGCAGGCCTAACACATGCAAGTCGAACGAACCTTTCGGGGTTAGTGGCGGACGGGTGAGTAACACGTGGGAACGTGCCTTTAGGTTCGGAATAACTCAGGGAAACTTGTGCTAATACCGAATGTGCCCTTCGGGGGAAAGATTTATCGCCTTTAGAGCGGCCCGCGTCTGATTAGCTAGTTGGTTGAGGTAATGGCTCACCAAGGCGACGATCAGTAGCTGGTCTGAGAGGATGATCAGCCACATTGGGACTGAGACACGGCCCAA	D_0__Bacteria; D_1__Proteobacteria; D_2__Alphaproteobacteria; D_3__Caulobacterales; D_4__Caulobacteraceae; D_5__Brevundimonas; Ambiguous_taxa
ATTGAACGCTTGCTTCCTGCCTCCCCCCTTTATGTCGAGCGGTAGAGAGAAGCTTGCTTCTCTTGAGAGCGGCGGACGGGTGAGTAATGCCTAGGAATCTGCCTGGTAGTGGGGGATAACGTTCGGAAACGGACGCTAATACCGCATACGTCCTACGGGAGAAAGCAGGGGACCTTCGGGCCTTGCGCTATCAGATGAGCCTAGGTCGGATTAGCTAGTTGGTGAGGTAATGGCTCACCAAGGCGACGATCCGTAACTGGTCTGAGAGGATGATCAGTCACACTGGAACTGAGACACGGTCCAG	D_0__Bacteria; D_1__Proteobacteria; D_2__Gammaproteobacteria; D_3__Pseudomonadales; D_4__Pseudomonadaceae; D_5__Pseudomonas
ATTGAACGCTTTCTTCCTTCCTAACACATGCAAGTCGAGCGGTAGAGAGAAGCTTGCTTCTCTTGAGAGCGGCGGACGGGTGAGTAATGCCTAGGAATCTGCCTGGTAGTGGGGGATAACGTTCGGAAACGGACGCTAATACCGCATACGTCCTACGGGAGAAAGCAGGGGACCTTCGGGCCTTGCGCTATCAGATGAGCCTAGGTCGGATTAGCTAGTTGGTGAGGTAATGGCTCACCAAGGCGACGATCCGTAACTGGTCTGAGAGGATGATCAGTCACACTGGAACTGAGACACGGTCCAG	D_0__Bacteria; D_1__Proteobacteria; D_2__Gammaproteobacteria; D_3__Pseudomonadales; D_4__Pseudomonadaceae; D_5__Pseudomonas
ATTGAACGCTTGCTTCCTGCCTCCCCCCTTTTTGTCGAGCGGTAGAGAGAAGCTTGCTTCTCTTGAGAGCGGCGGACGGGTGAGTAATGCCTAGGAATCTGCCTGGTAGTGGGGGATAACGTTCGGAAACGGACGCTAATACCGCATACGTCCTACGGGAGAAAGCAGGGGACCTTCGGGCCTTGCGCTATCAGATGAGCCTAGGTCGGATTAGCTAGTTGGTGAGGTAATGGCTCACCAAGGCGACGATCCGTAACTGGTCTGAGAGGATGATCAGTCACACTGGAACTGAGACACGGTCCAG	D_0__Bacteria; D_1__Proteobacteria; D_2__Gammaproteobacteria; D_3__Pseudomonadales; D_4__Pseudomonadaceae; D_5__Pseudomonas
GATGAACGCTAGCGGCAGGCCTAATACATGCAAGTCGAACGATAGTGAGGGGCTTGCTCTTCACGAAAAGTGGCGCACGGGTGCGTAACGCGTATGCAACCTACCTTAATCAGGGGGATAGCCCGAAGAAATTCGGATTAACACCGCATAAAATCACAGTATAGCATTATACAATGATCAAATATTTATAGGATTAAGATGGGCATGCGTGACATTAGTTAGTTGGCGAGGTAACGGCTCACCAAGACCACGATGTCTAGGGGATCTGAGAGGATGACCCCCCACACTGGTACTGAGACACGGACCAG	D_0__Bacteria; D_1__Bacteroidetes; D_2__Bacteroidia; D_3__Sphingobacteriales; D_4__Sphingobacteriaceae; D_5__Pedobacter
ATTGAACGCTTTCTTCCTTCCTCCCCCCTTCCCGTCTCTCTTTAGAGAGAAGCTTGCTTCTCTTGAGAGCGGCGGACGGGTGAGTAATGCCTAGGAATCTGCCTGGTAGTGGGGGATAACGTTCGGAAACGGACGCTAATACCGCATACGTCCTACGGGAGAAAGCAGGGGACCTTCGGGCCTTGCGCTATCAGATGAGCCTAGGTCGGATTAGCTAGTTGGTGAGGTAATGGCTCACCAAGGCGACGATCCGTAACTGGTCTGAGAGGATGATCAGTCACACTGGAACTGAGACACGGTCCAG	D_0__Bacteria; D_1__Proteobacteria; D_2__Gammaproteobacteria; D_3__Pseudomonadales; D_4__Pseudomonadaceae; D_5__Pseudomonas
AACGAACGCTGGCGGCATGCCTAACACATGCAAGTCGAACGAAGTCCTTCGGGGCTTAGTGGCGCACGGGTGCGTAACGCGTGGGAATCTGCCCCTTGGTTCGGAATAACAGTTGGAAACGACTGCTAATACCGGATGATGACGTAAGTCCAAAGATTTATCGCCAAGGGATGAGCCCGCGTAGGATTAGCTAGTTGGTGGGGTAAAGGCCTACCAAGGCGACGATCCTTAGCTGGTCTGAGAGGATGATCAGCCACACTGGGACTGAGACACGGCCCAG	D_0__Bacteria; D_1__Proteobacteria; D_2__Alphaproteobacteria; D_3__Sphingomonadales; D_4__Sphingomonadaceae; D_5__Sphingomonas
ATTGAACGCTTTCTTCCTTCCTCCCCCCTTCCCGTCGAGCGGTAGAGAGAAGCTTGCTTCTCTTGAGAGCGGCGGACGGGTGAGTAATGCCTAGGAATCTGCCTGGTAGTGGGGGATAACGTTCGGAAACGGACGCTAATACCGCATACGTCCTACGGGAGAAAGCAGGGGACCTTCGGGCCTTGCGCTATCAGATGAGCCTAGGTCGGATTAGCTAGTTGGTGAGGTAATGGCTCACCAAGGCGACGATCCGTAACTGGTCTGAGAGGATGATCAGTCACACTGGAACTGAGACACGGTCCAG	D_0__Bacteria; D_1__Proteobacteria; D_2__Gammaproteobacteria; D_3__Pseudomonadales; D_4__Pseudomonadaceae; D_5__Pseudomonas
ATTGAACGCTTTCTTCCTTCCTCCCCCCTGCAAGTCGAGCGGTAGAGAGAAGCTTGCTTCTCTTGAGAGCGGCGGACGGGTGAGTAATGCCTAGGAATCTGCCTGGTAGTGGGGGATAACGTTCGGAAACGGACGCTAATACCGCATACGTCCTACGGGAGAAAGCAGGGGACCTTCGGGCCTTGCGCTATCAGATGAGCCTAGGTCGGATTAGCTAGTTGGTGAGGTAATGGCTCACCAAGGCGACGATCCGTAACTGGTCTGAGAGGATGATCAGTCACACTGGAACTGAGACACGGTCCAG	D_0__Bacteria; D_1__Proteobacteria; D_2__Gammaproteobacteria; D_3__Pseudomonadales; D_4__Pseudomonadaceae; D_5__Pseudomonas
AGGGAACGTTGGAGGAAGGACTAACACATGCAAGTCGAGCGGTAGAGAGAAGCTTGCTTCTCTTGAGAGCGGCGGACGGGTGAGTAATGCCTAGGAATCTGCCTGGTAGTGGGGGATAACGTTCGGAAACGGACGCTAATACCGCATACGTCCTACGGGAGAAAGCAGGGGACCTTCGGGCCTTGCGCTATCAGATGAGCCTAGGTCGGATTAGCTAGTTGGTGAGGTAATGGCTCACCAAGGCGACGATCCGTAACTGGTCTGAGAGGATGATCAGTCACACTGGAACTGAGACACGGTCCAG	D_0__Bacteria; D_1__Proteobacteria; D_2__Gammaproteobacteria; D_3__Pseudomonadales; D_4__Pseudomonadaceae; D_5__Pseudomonas
ATTTAACTCTTTCTTCATTCCTAACACATTCAATTCTATCTGTAGAGAGAAGCTTGCTTCTCTTGAGAGCGGCGGACGGGTGAGTAATGCCTAGGAATCTGCCTGGTAGTGGGGGATAACGTTCGGAAACGGACGCTAATACCGCATACGTCCTACGGGAGAAAGCAGGGGACCTTCGGGCCTTGCGCTATCAGATGAGCCTAGGTCGGATTAGCTAGTTGGTGAGGTAATGGCTCACCAAGGCGACGATCCGTAACTGGTCTGAGAGGATGATCAGTCACACTGGAACTGAGACACGGTCCAG	D_0__Bacteria; D_1__Proteobacteria; D_2__Gammaproteobacteria; D_3__Pseudomonadales; D_4__Pseudomonadaceae; D_5__Pseudomonas
GATGAACGCTAGTGGCAGGCCTAATACATGCAAGTCGAACGGTGGTAGCAATACCATAGTGGCGCACGGGTGCGTAACACGTAACTAACCTACCTACAACTGGGGGATAGCCCGCCGAAAGGCGGATTAATACCGCATAAGGCATGCGCCCGGCATCGGGTGTTTGTTAAAGATTTATTGGTTGTAGATGGGGTTGCGGGTCATTAGCTAGTTGGTTGGGTAACGGCTGACCAAGGCGACGATGACTAGGGGAGCTGAGAGGCTGGTCCCCCACACGGGCACTGAGATACGGGCCCG	D_0__Bacteria; D_1__Bacteroidetes; D_2__Bacteroidia; D_3__Cytophagales; D_4__Hymenobacteraceae; D_5__Hymenobacter; D_6__uncultured bacterium
AGCGAACGCTGGTGGCAGGCCTAACACATGCAAGTCGAACGAACCTTTCGGGGTTAGTGGCGGACGGGTGAGTAACACGTGGGAACGTGCCTTTAGGTTCGGAATAACTCAGGGAAACTTGTGCTAATACCGAATGTGCCCTTCGGGGGAAAGATTTATCGCCTTTAGAGCGGCCCGCGTCTGATTAGCTAGTTGGTGAGGTAAAGGCTCACCAAGGCGACGATCAGTAGCTGGTCTGAGAGGATGATCAGCCACATTGGGACTGAGACACGGCCCAA	D_0__Bacteria; D_1__Proteobacteria; D_2__Alphaproteobacteria; D_3__Caulobacterales; D_4__Caulobacteraceae; D_5__Brevundimonas
GACGAACGCTGGCGGTGTGCTTCACACATGCAAGTCGAACGAGGTAGCAATACCTAGTGGCGGACGGGTGAGTAACGCGTGGGAATCTGCCTTTAGATGGGGGATAACGGGCCGAAAGGTCCGCTAATACCGCATATGCCGAGAGGTGAAAGGAGTAATCCGTCTAAAGATGAGCCCGCGTCCGATTAGCTAGTTGGTAGAGTAAGAGCCTACCAAGGCGACGATCGGTAGCTGGTCTGAGAGGATGATCAGCCACAATGGGACTGAGACACGGCCCAT	D_0__Bacteria; D_1__Cyanobacteria; D_2__Melainabacteria; D_3__Obscuribacterales; Ambiguous_taxa; Ambiguous_taxa; Ambiguous_taxa
GATGAACGCTGGCGGCGTGCTTAACACATGCAAGTCGAACGATGAAGCCAGCTTGCTGGTGGATTAGTGGCGAACGGGTGAGTAACACGTGAGTAACCTGCCCTTGACTCTGGGATAAGCCTGGGAAACCGGGTCTAATACTGGATACGACCTTCCCACGCATGTGGTGTTGGTGGAAAGCTTTTGTGGTTTTGGATGGACTCGCGGCCTATCAGCTTGTTGGTGGGGTAATGGCCTACCAAGGCGACGACGGGTAGCCGGCCTGAGAGGGTGACCGGCCACACTGGGACTGAGACACGGCCCAG	D_0__Bacteria; D_1__Actinobacteria; D_2__Actinobacteria; D_3__Micrococcales; D_4__Micrococcaceae; D_5__Arthrobacter; Ambiguous_taxa
GATGAACGCTAGCGGCAGGCCTAATACATGCAAGTCGAACGGTCAGTAGCAATATTGATAGTGGCGCACGGGTGCGTAACACGTAACTAACCTACCTACAACTGGGGGATAGCCCGCCGAAAGGCGGATTAATACCGCATAAGGCATGCGCCCGGCATCGGGTGTTTGTTAAAGATTTATTGGTTGTAGATGGAGTTGCGGGTCATTAGCTAGTTGGTTGGGTAATGGCTGACCAAGGCGACGATGACTAGGGGAGCTGAGAGGCTGGTCCCCCACACGGGCACTGAGATACGGGCCCG	D_0__Bacteria; D_1__Bacteroidetes; D_2__Bacteroidia; D_3__Cytophagales; D_4__Hymenobacteraceae; D_5__Hymenobacter; D_6__uncultured bacterium
ATTGAACGCTGGCGGCATGCCTTACACATGCAAGTCGAACGGTAACAGGTCTTCGGATGCTGACGAGTGGCGAACGGGTGAGTAATACATCGGAACGTGCCCGATCGTGGGGGATAACGAAGCGAAAGCTTTGCTAATACCGCATACGATCTACGGATGAAAGCAGGGGACCGCAAGGCCTTGCGCGAACGGAGCGGCCGATGGCAGATTAGGTAGTTGGTGGGATAAAAGCTTACCAAGCCGACGATCTGTAGCTGGTCTGAGAGGACGACCAGCCACACTGGGAATGAGACACGGCCCAG	D_0__Bacteria; D_1__Proteobacteria; D_2__Gammaproteobacteria; D_3__Betaproteobacteriales; D_4__Burkholderiaceae; D_5__Acidovorax
GACGAACGCTGGCGGCGTGCTTAACACATGCAAGTCGAACGGAAAGGCCCTGCTTTTGTGGGGTGCTCGAGTGGCGAACGGGTGAGTAACACGTGAGTAACCTGCCCTTGACTTTGGGATAACTTCAGGAAACTGGGGCTAATACCGGATAGGAGCTCCTGCTGCATGGTGGGGGTTGGAAAGTTTCGGCGGTTGGGGATGGACTCGCGGCTTATCAGCTTGTTGGTGGGGTAGTGGCTTACCAAGGCTTTGACGGGTAGCCGGCCTGAGATGGTGACCGGCCACATTGGGACTGAGATACGGCCCAG	D_0__Bacteria; D_1__Actinobacteria; D_2__Actinobacteria; D_3__Propionibacteriales; D_4__Propionibacteriaceae; D_5__Cutibacterium
